Name,Volunteer ID,Password,UID,Department,Phone,Source
"Test Volunteer 2","TEST_VOL_002","volunteer123","N/A","Other","9876543231","Existing Volunteer (password verified)"
"Meera Joshi","VOL2024010","Volunteer@123","N/A","Information Technology","9876540010","Existing Volunteer (password verified)"
"Divya Iyer","VOL2024008","Volunteer@123","N/A","Electronics and Communication Engineering","9876540008","Existing Volunteer (password verified)"
"Rohan Gupta","VOL2024009","Volunteer@123","N/A","Mechanical Engineering","9876540009","Existing Volunteer (password verified)"
"Sneha Reddy","VOL2024004","Volunteer@123","N/A","Civil Engineering","9876540004","Existing Volunteer (password verified)"
"Arun Patel","VOL2024003","Volunteer@123","N/A","Mechanical Engineering","9876540003","Existing Volunteer (password verified)"
"Neha Sharma","VOL2024002","Volunteer@123","N/A","Electronics and Communication Engineering","9876540002","Existing Volunteer (password verified)"
"Vikram Singh","VOL2024005","Volunteer@123","N/A","Information Technology","9876540005","Existing Volunteer (password verified)"
"Karthik Rao","VOL2024007","Volunteer@123","N/A","Computer Science and Engineering","9876540007","Existing Volunteer (password verified)"
"Priya Nair","VOL2024006","Volunteer@123","N/A","Electrical and Electronics Engineering","9876540006","Existing Volunteer (password verified)"
"Rajesh Kumar","VOL2024001","Volunteer@123","N/A","Computer Science and Engineering","9876540001","Existing Volunteer (password verified)"
"Jack Brown","VOL010","volunteer123","N/A","CIVIL","9876543219","Existing Volunteer (password verified)"
"Iris Chen","VOL009","volunteer123","N/A","MECH","9876543218","Existing Volunteer (password verified)"
"Henry Taylor","VOL008","volunteer123","N/A","ECE","9876543217","Existing Volunteer (password verified)"
"Grace Lee","VOL007","volunteer123","N/A","CSE","9876543216","Existing Volunteer (password verified)"
"Frank Miller","VOL006","volunteer123","N/A","EEE","9876543215","Existing Volunteer (password verified)"
"Emily Davis","VOL005","volunteer123","N/A","IT","9876543214","Existing Volunteer (password verified)"
"David Wilson","VOL004","volunteer123","N/A","CIVIL","9876543213","Existing Volunteer (password verified)"
"Carol Brown","VOL003","volunteer123","N/A","MECH","9876543212","Existing Volunteer (password verified)"
"Bob Smith","VOL002","volunteer123","N/A","ECE","9876543211","Existing Volunteer (password verified)"
"Alice Johnson","VOL001","volunteer123","N/A","CSE","9876543210","Existing Volunteer (password verified)"